{"z1": 3.529472, "z2": 5.651341, "w1_proposal": 0.5, "sigma_prop": 0.17}