{"mode_position": 6.283619, "sigma_prop": 0.4784879, "w1_proposal": 0.5}
